{"cameraMode":{"drawMode":0,"name":"Shaded","section":"Shading Mode"},"sceneLighting":false,"audioPlay":false,"sceneViewState":{"m_AlwaysRefresh":true,"showFog":true,"showSkybox":false,"showFlares":true,"showImageEffects":true,"showParticleSystems":true,"showVisualEffectGraphs":true,"m_FxEnabled":true},"in2DMode":false,"pivot":{"x":449.2262878417969,"y":86.07176971435547,"z":411.1334228515625},"rotation":{"x":0.06406955420970917,"y":-0.9077053666114807,"z":0.14904150366783143,"w":0.38776612281799319},"size":10.365612983703614,"orthographic":false}