{"cameraMode":{"drawMode":0,"name":"Shaded","section":"Shading Mode"},"sceneLighting":false,"audioPlay":false,"sceneViewState":{"m_AlwaysRefresh":true,"showFog":true,"showSkybox":false,"showFlares":true,"showImageEffects":true,"showParticleSystems":true,"showVisualEffectGraphs":true,"m_FxEnabled":true},"in2DMode":false,"pivot":{"x":107.12357330322266,"y":3.426295042037964,"z":126.55056762695313},"rotation":{"x":-0.049093861132860187,"y":0.9510228633880615,"z":-0.22396685183048249,"w":-0.2080363929271698},"size":13.63739013671875,"orthographic":false}