{"cameraMode":{"drawMode":0,"name":"Shaded","section":"Shading Mode"},"sceneLighting":false,"audioPlay":false,"sceneViewState":{"m_AlwaysRefresh":false,"showFog":false,"showSkybox":false,"showFlares":false,"showImageEffects":false,"showParticleSystems":false,"showVisualEffectGraphs":true,"m_FxEnabled":true},"in2DMode":false,"pivot":{"x":0.011896342039108277,"y":0.919949471950531,"z":-0.023280978202819825},"rotation":{"x":0.20212391018867494,"y":0.7226848602294922,"z":-0.23668573796749116,"w":0.6171530485153198},"size":1.1459696292877198,"orthographic":false}