{"cameraMode":{"drawMode":0,"name":"Shaded","section":"Shading Mode"},"sceneLighting":false,"audioPlay":false,"sceneViewState":{"m_AlwaysRefresh":true,"showFog":true,"showSkybox":false,"showFlares":true,"showImageEffects":true,"showParticleSystems":true,"showVisualEffectGraphs":true,"m_FxEnabled":true},"in2DMode":false,"pivot":{"x":163.90621948242188,"y":20.860572814941408,"z":-56.28892517089844},"rotation":{"x":0.0003687416319735348,"y":0.954548716545105,"z":0.005552895832806826,"w":0.2994476854801178},"size":0.5290273427963257,"orthographic":false}