{"cameraMode":{"drawMode":0,"name":"Shaded","section":"Shading Mode"},"sceneLighting":true,"audioPlay":false,"sceneViewState":{"m_AlwaysRefresh":true,"showFog":true,"showSkybox":true,"showFlares":true,"showImageEffects":true,"showParticleSystems":true,"showVisualEffectGraphs":true,"m_FxEnabled":true},"in2DMode":false,"pivot":{"x":-28.03331756591797,"y":-1.1928539276123047,"z":-0.8236614465713501},"rotation":{"x":0.07705371081829071,"y":-0.37887123227119448,"z":0.031662605702877048,"w":0.9217348694801331},"size":4.854240894317627,"orthographic":false}