{"cameraMode":{"drawMode":0,"name":"Shaded","section":"Shading Mode"},"sceneLighting":true,"audioPlay":false,"sceneViewState":{"m_AlwaysRefresh":true,"showFog":true,"showSkybox":true,"showFlares":true,"showImageEffects":true,"showParticleSystems":true,"showVisualEffectGraphs":true,"m_FxEnabled":true},"in2DMode":false,"pivot":{"x":105.916259765625,"y":0.16498208045959474,"z":12.974712371826172},"rotation":{"x":0.015955405309796335,"y":-0.9059815406799316,"z":0.42166003584861758,"w":0.0342533141374588},"size":4.961441993713379,"orthographic":false}