{"cameraMode":{"drawMode":0,"name":"Shaded","section":"Shading Mode"},"sceneLighting":true,"audioPlay":false,"sceneViewState":{"m_AlwaysRefresh":true,"showFog":true,"showSkybox":true,"showFlares":true,"showImageEffects":true,"showParticleSystems":true,"showVisualEffectGraphs":true,"m_FxEnabled":true},"in2DMode":false,"pivot":{"x":119.95092010498047,"y":1.0347691774368287,"z":54.68455123901367},"rotation":{"x":0.021185895428061487,"y":-0.9703088998794556,"z":0.22269217669963838,"w":0.09225485473871231},"size":4.988892078399658,"orthographic":false}