{"cameraMode":{"drawMode":0,"name":"Shaded","section":"Shading Mode"},"sceneLighting":true,"audioPlay":false,"sceneViewState":{"m_AlwaysRefresh":true,"showFog":true,"showSkybox":true,"showFlares":true,"showImageEffects":true,"showParticleSystems":true,"showVisualEffectGraphs":true,"m_FxEnabled":true},"in2DMode":false,"pivot":{"x":-79.24036407470703,"y":106.83749389648438,"z":544.2904663085938},"rotation":{"x":-0.05708688125014305,"y":-0.16102269291877747,"z":-0.008294873870909214,"w":0.9856821894645691},"size":305.0028991699219,"orthographic":false}