{"cameraMode":{"drawMode":0,"name":"Shaded","section":"Shading Mode"},"sceneLighting":false,"audioPlay":false,"sceneViewState":{"m_AlwaysRefresh":true,"showFog":true,"showSkybox":false,"showFlares":true,"showImageEffects":true,"showParticleSystems":true,"showVisualEffectGraphs":true,"m_FxEnabled":true},"in2DMode":false,"pivot":{"x":0.07284998893737793,"y":1.6528000831604005,"z":0.03644990921020508},"rotation":{"x":-0.03660398721694946,"y":0.7435742020606995,"z":0.04051347076892853,"w":0.6670633554458618},"size":3.5968239307403566,"orthographic":false}