{"cameraMode":{"drawMode":0,"name":"Shaded","section":"Shading Mode"},"sceneLighting":true,"audioPlay":false,"sceneViewState":{"m_AlwaysRefresh":true,"showFog":true,"showSkybox":true,"showFlares":true,"showImageEffects":true,"showParticleSystems":true,"showVisualEffectGraphs":true,"m_FxEnabled":true},"in2DMode":false,"pivot":{"x":244.65423583984376,"y":124.35741424560547,"z":-5.470861911773682},"rotation":{"x":0.03830663859844208,"y":0.004299885127693415,"z":0.00022741332941222936,"w":0.9994876980781555},"size":96.17627716064453,"orthographic":false}