{"cameraMode":{"drawMode":0,"name":"Shaded","section":"Shading Mode"},"sceneLighting":true,"audioPlay":false,"sceneViewState":{"m_AlwaysRefresh":true,"showFog":true,"showSkybox":true,"showFlares":true,"showImageEffects":true,"showParticleSystems":true,"showVisualEffectGraphs":true,"m_FxEnabled":true},"in2DMode":false,"pivot":{"x":155.92193603515626,"y":-106.98861694335938,"z":37.94349670410156},"rotation":{"x":0.23730066418647767,"y":0.5888135433197022,"z":-0.18712857365608216,"w":0.750097393989563},"size":131.20330810546876,"orthographic":false}