{"cameraMode":{"drawMode":0,"name":"Shaded","section":"Shading Mode"},"sceneLighting":true,"audioPlay":false,"sceneViewState":{"m_AlwaysRefresh":true,"showFog":true,"showSkybox":true,"showFlares":true,"showImageEffects":true,"showParticleSystems":true,"showVisualEffectGraphs":true,"m_FxEnabled":true},"in2DMode":false,"pivot":{"x":108.57524871826172,"y":0.4693591594696045,"z":120.46304321289063},"rotation":{"x":0.1514463871717453,"y":0.06905225664377213,"z":-0.010578139685094357,"w":0.9860405325889587},"size":8.90378475189209,"orthographic":false}