{"cameraMode":{"drawMode":0,"name":"Shaded","section":"Shading Mode"},"sceneLighting":true,"audioPlay":false,"sceneViewState":{"m_AlwaysRefresh":true,"showFog":true,"showSkybox":true,"showFlares":true,"showImageEffects":true,"showParticleSystems":true,"showVisualEffectGraphs":true,"m_FxEnabled":true},"in2DMode":false,"pivot":{"x":34.3406867980957,"y":11.771644592285157,"z":-20.519819259643556},"rotation":{"x":0.010999703779816628,"y":0.9802590608596802,"z":-0.18997851014137269,"w":0.05956347659230232},"size":3.052198886871338,"orthographic":false}