{"cameraMode":{"drawMode":0,"name":"Shaded","section":"Shading Mode"},"sceneLighting":true,"audioPlay":false,"sceneViewState":{"m_AlwaysRefresh":true,"showFog":true,"showSkybox":true,"showFlares":true,"showImageEffects":true,"showParticleSystems":true,"showVisualEffectGraphs":true,"m_FxEnabled":true},"in2DMode":false,"pivot":{"x":-19.466903686523439,"y":1.2188721895217896,"z":-0.8488534688949585},"rotation":{"x":0.01835973933339119,"y":-0.7242612838745117,"z":0.018976615741848947,"w":0.689446747303009},"size":1.9347317218780518,"orthographic":false}