{"cameraMode":{"drawMode":0,"name":"Shaded","section":"Shading Mode"},"sceneLighting":true,"audioPlay":false,"sceneViewState":{"m_AlwaysRefresh":true,"showFog":true,"showSkybox":true,"showFlares":true,"showImageEffects":true,"showParticleSystems":true,"showVisualEffectGraphs":true,"m_FxEnabled":true},"in2DMode":false,"pivot":{"x":99.83576202392578,"y":3.153287887573242,"z":120.27352905273438},"rotation":{"x":0.07821665704250336,"y":0.0236046239733696,"z":-0.0018562511540949345,"w":0.9967932105064392},"size":2.787379503250122,"orthographic":false}