{"cameraMode":{"drawMode":0,"name":"Shaded","section":"Shading Mode"},"sceneLighting":true,"audioPlay":false,"sceneViewState":{"m_AlwaysRefresh":true,"showFog":true,"showSkybox":true,"showFlares":true,"showImageEffects":true,"showParticleSystems":true,"showVisualEffectGraphs":true,"m_FxEnabled":true},"in2DMode":false,"pivot":{"x":107.22710418701172,"y":3.100964069366455,"z":105.50517272949219},"rotation":{"x":0.05477778986096382,"y":0.03877149149775505,"z":-0.0014246004866436124,"w":0.9979894161224365},"size":7.916096210479736,"orthographic":false}