{"cameraMode":{"drawMode":0,"name":"Shaded","section":"Shading Mode"},"sceneLighting":true,"audioPlay":false,"sceneViewState":{"m_AlwaysRefresh":true,"showFog":true,"showSkybox":true,"showFlares":true,"showImageEffects":true,"showParticleSystems":true,"showVisualEffectGraphs":true,"m_FxEnabled":false},"in2DMode":false,"pivot":{"x":105.37393951416016,"y":1.887634515762329,"z":117.20913696289063},"rotation":{"x":-0.4052988588809967,"y":-0.007388766389340162,"z":0.0033100314904004337,"w":-0.9141767621040344},"size":19.795196533203126,"orthographic":false}