{"cameraMode":{"drawMode":0,"name":"Shaded","section":"Shading Mode"},"sceneLighting":true,"audioPlay":false,"sceneViewState":{"m_AlwaysRefresh":true,"showFog":true,"showSkybox":true,"showFlares":true,"showImageEffects":true,"showParticleSystems":true,"showVisualEffectGraphs":true,"m_FxEnabled":true},"in2DMode":false,"pivot":{"x":34.030155181884769,"y":10.151933670043946,"z":3.9955568313598635},"rotation":{"x":0.30604711174964907,"y":0.10521723330020905,"z":-0.03363906964659691,"w":0.945833683013916},"size":3.652367115020752,"orthographic":false}