{"cameraMode":{"drawMode":0,"name":"Shaded","section":"Shading Mode"},"sceneLighting":true,"audioPlay":false,"sceneViewState":{"m_AlwaysRefresh":true,"showFog":true,"showSkybox":true,"showFlares":true,"showImageEffects":true,"showParticleSystems":true,"showVisualEffectGraphs":true,"m_FxEnabled":true},"in2DMode":false,"pivot":{"x":105.43089294433594,"y":4.99836540222168,"z":106.11310577392578},"rotation":{"x":0.0625046119093895,"y":0.19908121228218079,"z":-0.012672466225922108,"w":0.9781118035316467},"size":1.874924659729004,"orthographic":false}