{"cameraMode":{"drawMode":0,"name":"Shaded","section":"Shading Mode"},"sceneLighting":true,"audioPlay":false,"sceneViewState":{"m_AlwaysRefresh":true,"showFog":true,"showSkybox":true,"showFlares":true,"showImageEffects":true,"showParticleSystems":true,"showVisualEffectGraphs":true,"m_FxEnabled":true},"in2DMode":false,"pivot":{"x":112.23442840576172,"y":6.905733108520508,"z":22.097976684570314},"rotation":{"x":0.06406955420970917,"y":-0.9077053666114807,"z":0.14904150366783143,"w":0.38776612281799319},"size":13.247222900390625,"orthographic":false}