{"cameraMode":{"drawMode":0,"name":"Shaded","section":"Shading Mode"},"sceneLighting":true,"audioPlay":false,"sceneViewState":{"m_AlwaysRefresh":true,"showFog":true,"showSkybox":true,"showFlares":true,"showImageEffects":true,"showParticleSystems":true,"showVisualEffectGraphs":true,"m_FxEnabled":true},"in2DMode":false,"pivot":{"x":119.7621841430664,"y":-10.791318893432618,"z":30.876249313354493},"rotation":{"x":0.041979458183050159,"y":0.9058370590209961,"z":-0.412020206451416,"w":0.09184658527374268},"size":19.98386001586914,"orthographic":false}