{"cameraMode":{"drawMode":0,"name":"Shaded","section":"Shading Mode"},"sceneLighting":true,"audioPlay":false,"sceneViewState":{"m_AlwaysRefresh":true,"showFog":true,"showSkybox":true,"showFlares":true,"showImageEffects":true,"showParticleSystems":true,"showVisualEffectGraphs":true,"m_FxEnabled":true},"in2DMode":false,"pivot":{"x":53.421661376953128,"y":0.9467775225639343,"z":69.02772521972656},"rotation":{"x":-0.05858435854315758,"y":0.7768123745918274,"z":-0.07311183959245682,"w":-0.6230452060699463},"size":2.5246636867523195,"orthographic":false}