{"cameraMode":{"drawMode":0,"name":"Shaded","section":"Shading Mode"},"sceneLighting":true,"audioPlay":false,"sceneViewState":{"m_AlwaysRefresh":false,"showFog":true,"showSkybox":true,"showFlares":true,"showImageEffects":true,"showParticleSystems":true,"showVisualEffectGraphs":true,"m_FxEnabled":false},"in2DMode":false,"pivot":{"x":-7.6087212562561039,"y":0.533894419670105,"z":-0.42785555124282839},"rotation":{"x":0.23233388364315034,"y":-0.41253232955932619,"z":0.10963872820138931,"w":0.8739973902702332},"size":2.4281420707702638,"orthographic":false}