{"cameraMode":{"drawMode":0,"name":"Shaded","section":"Shading Mode"},"sceneLighting":true,"audioPlay":false,"sceneViewState":{"m_AlwaysRefresh":true,"showFog":true,"showSkybox":true,"showFlares":true,"showImageEffects":true,"showParticleSystems":true,"showVisualEffectGraphs":true,"m_FxEnabled":true},"in2DMode":false,"pivot":{"x":136.97244262695313,"y":-18.910083770751954,"z":55.50398254394531},"rotation":{"x":0.28443095088005068,"y":0.46999338269233706,"z":-0.16303913295269013,"w":0.819959819316864},"size":45.32391357421875,"orthographic":false}