{"cameraMode":{"drawMode":0,"name":"Shaded","section":"Shading Mode"},"sceneLighting":false,"audioPlay":false,"sceneViewState":{"m_AlwaysRefresh":true,"showFog":true,"showSkybox":false,"showFlares":true,"showImageEffects":true,"showParticleSystems":true,"showVisualEffectGraphs":true,"m_FxEnabled":true},"in2DMode":false,"pivot":{"x":81.61373901367188,"y":23.53622055053711,"z":-111.33343505859375},"rotation":{"x":0.21139197051525117,"y":0.09656732529401779,"z":-0.019427979364991189,"w":0.9728558659553528},"size":5.138108730316162,"orthographic":false}